{"cameraMode":{"drawMode":0,"name":"Shaded","section":"Shading Mode"},"sceneLighting":true,"audioPlay":false,"sceneViewState":{"m_AlwaysRefresh":false,"showFog":true,"showSkybox":true,"showFlares":true,"showImageEffects":true,"showParticleSystems":true,"showVisualEffectGraphs":true,"m_FxEnabled":true},"in2DMode":false,"pivot":{"x":50.535614013671878,"y":-55.225563049316409,"z":-116.01470947265625},"rotation":{"x":-0.03610684722661972,"y":-0.9628294110298157,"z":0.1647806316614151,"w":-0.21096894145011903},"size":102.07040405273438,"orthographic":false}