{"cameraMode":{"drawMode":0,"name":"Shaded","section":"Shading Mode"},"sceneLighting":true,"audioPlay":false,"sceneViewState":{"m_AlwaysRefresh":false,"showFog":true,"showSkybox":true,"showFlares":true,"showImageEffects":true,"showParticleSystems":true,"showVisualEffectGraphs":true,"m_FxEnabled":true},"in2DMode":false,"pivot":{"x":-104.25428771972656,"y":-45.844993591308597,"z":70.32244873046875},"rotation":{"x":0.16146433353424073,"y":-0.43974268436431887,"z":0.08069727569818497,"w":0.8798072934150696},"size":70.46894836425781,"orthographic":false}